[
    {
        "id": 1,
        "productName": "Test Product 1",
        "productCode": "A-0011",
        "releaseDate": "March 19, 2016",
        "description": "Leaf rake with 48-inch wooden handle.",
        "price": 19.95
       
    },
    {
        "id": 2,
        "productName": "Test Product 2",
        "productCode": "B-0023",
        "releaseDate": "March 18, 2016",
        "description": "15 gallon capacity rolling garden cart",
        "price": 32.99
     
    },
    {
        "id": 5,
        "productName": "Test Product 3",
        "productCode": "C-0048",
        "releaseDate": "May 21, 2016",
        "description": "Curved claw steel hammer",
        "price": 8.9
    
    },
    {
        "id": 8,
        "productName": "Test Product 4",
        "productCode": "D-0022",
        "releaseDate": "May 15, 2016",
        "description": "15-inch steel blade hand saw",
        "price": 11.55
     
    },
    {
        "id": 10,
        "productName": "Test Product 5",
        "productCode": "E-0042",
        "releaseDate": "October 15, 2015",
        "description": "Standard two-button video game controller",
        "price": 35.95
   
    }
]